Title,price
        auovo Anti dust Mats for Journey Accessories 2021 2020 2019 2018 2011-2020 Custom Fit Center Console and Cup Holder Liners Mats(Red)       ,$10.99
"        Auovo Center Console Mats for Durango Accessories 2014 2015 2016 2017 2018 2019 2020 Auto Car Cup Holder Insert/Coasters Custom Fit Cup Liners Pads Interior Decoration ( 5pcs/Set, Red Trim)       ",$11.39
"        Auovo Auto Cup Holder Inserts Coaster Fit for 2018 -2022 Wrangler JL JLU 2020-2022 Gladiator JT Cup Mat Pad Interior Decoration Accessories (4 Pcs Kit) (Red, for deep Rear Cup Holders)…       ",$15.88
"        auovo 11pcs Anti-dust Mats for Challenger Accessories 2015 2016 2017 2018 2019 2020 2021 2022 Interior Custom Fit Car Cup Holder Insert Coasters, Door Handle, Center Console Liner Pad(red)       ",$10.68
"        auovo Anti Dust Mats for Ram 1500 Accessories Interior 2020 2019 Custom Fit Door Compartment Cup Center Console Liners (Quad Cab with Bucket seat,18pcs/Set, Red)       ",$22.99
        auovo Anti Dust Mats for Frontier Crew Cab 2005-2020 Xterra Accessories 2005-2015 Custom Fit Door Pocket Liners Cup Holder Pads Console Mats (24pcs/Set) (red)       ,$27.99
        auovo Anti-dust Door Mats for Renegade Accessories 2015 2016 2017 Cup Holder Inserts Liners Center Console Mats 16PCS (Red Trim)       ,$12.88
        Auovo Anti Dust Mats for Toyota RAV4 Accessories 2022 2019-2021 Custom Interior Fit Door Compartment Cup Holder Insert Center Console Liners(13pcs/Set)(red)       ,$17.99
"        auovo Anti-dust Mats for Honda CRV Accessories 2017 2018 2019 Door Liners Cup Holder Inserts Center Console Interior Decoration for Honda CR-V(Pack of 21,Red)       ",$16.68
        Auovo 2 Pcs Cup Holder Inserts Replacement for Frontier 2005-2019 Xterra 05-15 Pathfinder 05-12 Replace 96975-EA000 96975-ZS00A(with 3 Pairs of Rubber Coasters in red blue All Black)       ,$11.88
        auovo Anti Dust Mats for Rogue Accessories 2020 2019 2018 2017.5 2017 2016 2015 2014 Custom Fit Door Compartment Liners Car Cup Holder Insert Center Console Interior(19pcs/Set) (Red)       ,$17.99
"        Air King BFQ 110 BFQ110 Exhaust Fan, 100-CFM       ",$52.33
        auovo Anti-dust Door Mats for 2018 2019 2020 2021 2022 2023 Subaru Crosstrek and 2018-2022 Impreza Gate Door Liners Inserts Cup Console Mats Interior Accessories(Pack of 14) (Red)       ,$19.38
"        Auovo Leather Key Fob Case Cover Holder for Ram 1500 2022 2021 2020 2019 4 Buttons Key Fob Remote Protector Accessories(1pcs, 4 Buttons)       ",$12.99
"        SONGMICS Storage Cubes, Set of 6 Non-Woven Fabric Bins with Double Handles, Closet Organizers for Shelves, Foldable, for Clothes, Toys, Gray UROB26LG       ",$23.99
        Wieco Art Red Wine Cups Modern Kitchen Wall Art Dinning Room Wall Decor 4 Panels Abstract Canvas Prints Artwork Contemporary Vintage Pictures Paintings on Canvas Wall Art for Kitchen Home Decorations       ,$25.99
"        Anti-dust Door Mats for 2018 2019 2020 2021 Compass Accessories Interior Gate Door mats Liner Inserts Cup Console Mat(Upgrade, Pack of 20, Red)       ",$15.36
        LAHONI 5 Pieces Wooden Spurtles Kitchen Tools Set Wooden Kitchen Cooking Utensil Natural Teak Kitchen Set Heat Resistant Non Stick Wood Cookware Slotted Spurtle Spatula Sets Stirring Mixing Serving       ,$22.99
        auovo Door Mats Gate Slot Mat for Renegade Accessories 2018 2019 2020 2021 2022 Cup Holders Inserts Center Console Liners 18PCS (Red Trim)       ,$13.88
"        auovo Anti Dust Door Mats Custom Fit Door Cup Center Console Liners Accessories for Ford Fusion 2019 2020 2018 2017(Pack of 16) (Red, Upgrade)       ",$21.99
        HotelSpaWave Luxury Soap/Shampoo/Lotion Modular-Design Shower Dispenser System (Pack of 2)       ,$18.99
"        ENLOY 4-Piece Stainless Steel Airtight Food Storage Canister Set with Clear Lid, Canister Sets for Kitchen Counter for Sugar, Flour, Tea, Candy, Cookie, Spice, 28/32/38/65 oz       ",$27.99
"        auovo 17pcs Anti-dust Mats for Honda Accord Accessories 2018 2019 2020 2021 2022 Interior Car Cup Holder Inserts,Center Console Liner,Door Pocket Liner Mat(Red)       ",$17.99
"        Elements Harlequin Embossed Metal Vase-Table Centerpiece Home Décor for Dried Flower and Artificial Floral Arrangements, Living Room Décor, Bedroom Décor, Decorative Vase, 17-Inch       ",$14.99
        Tea Cup Glass Coffee Mugs Enamel Rose Flower Butterfly Drinking Cups with Spoon Set Unique Gifts for Birthday Wedding Christmas Blue Rose Tall Mug 12oz       ,$18.56
"        Brentwood HM-44 Lightweight 5-Speed Electric Hand Mixer, Black       ",$14.03
"        Meat Slicer, Anescra 200W Electric Deli Food Slicer with Two Removable 7.5’’ Stainless Steel Blades and Food Carriage, Child Lock Protection, 0-15mm Adjustable Thickness Food Slicer Machine- Silver       ",$86.69
        Augason Farms Long Grain Brown Rice Emergency Food Storage 24 Pound Pail       ,$33.00
"        F2C Manual Hand Citrus Juicer Extractor Press Fruit Juice Squeezer Press, Grey       ",$44.99
"        Brentwood Electric Appliances DF-720 8-Cup Deep Fryer, Silver       ",$41.59
"        Newtex FirePad Deck Protector - Perfect for Fire Pits, BBQ, Smokers, Grills - Protects Porch, Patio, Deck, Wood, Grass, Stone, Composite from Burns - Heat Resistant Fire Pit Mat (36"")       ",$62.95
"        Blue Silverware Set，24-Piece Stainless Steel Flatware Service for 6, Mirror Finish Cutlery Set with Gift Box       ",$41.99
"        SXUDA Mason Jar BPA-Free 4oz Mini Canning Jars with Regular Lids and Bands Jelly Jars for Jam, Honey, Wedding Favors, Shower Favors, Baby Foods, DIY Magnetic Spice Jars, 40 PACK       ",$59.99
"        Kashi Home Kitchen Rug, Printed Area Rug, Durable Floor, Door Mat, Farmhouse Non-Slip Carpet Latex Backing Beautiful Design Sunflower 3pc Set (2 18x30 D Shape & 1 20x40)       ",$34.99
"        Presto 05420 FryDaddy Electric Deep Fryer,Black       ",$38.88
"        Brentwood JB-920B 12-Speed + Pulse Blender with Glass Jar, Black       ",$33.85
"        Mossy Oak 16-Piece Break-Up Infinity Dinnerware Set, Service for 4, Black and Beige       ",$63.98
"        Brentwood J-15 24oz Electric Citrus Juicer, White       ",$19.13
        Auovo Key Fob Case Cover for Wrangler JL Key Fob Holder Remote Protector for 2018 2019 JL 2020 2021 Gladiator JT Keyless Holder Bag (1pcs 4Buttons)       ,$11.99
"        DEXI Kitchen Rugs and Mats Cushioned Anti Fatigue Comfort Runner Mat for Floor Rug Standing Rugs Set of 2,17""x29""+17""x59"", Black       ",$39.99
"        Professional Chef Knife, 8 inch Chef Knife, High Carbon German Steel Blade with Comfortable Ergonomic Handle, Anti Rust and Wear Resistant, Suitable for Restaurant and Home Kitchen-Kitchen Emperor       ",$22.99
"        BLACK+DECKER 12-Cup Mill and Brew Coffeemaker, Black, CM5000B       ",$69.98
"        Pohl Schmitt Stainless Steel Bread Machine Bread Maker, 2LB 17-in-1, 14 Settings Incl Gluten Free & Fruit, Nut Dispenser, Nonstick Pan, 3 Loaf Sizes 3 Crust Colors, Keep Warm, and Recipes       ",$99.97
"        Anchor Hocking Ceramic Canister Set with Clamped Lid and Wooden Spoon, White, Mixed Sizes, Set of 4       ",$44.22
"        Hamilton Beach Personal Blender for Shakes and Smoothies with 14 Oz Travel Cup and Lid, Black (51101AV)       ",$22.99
"        Boston Warehouse Insulated Plastic Tumblers, 24-Ounce, Set of 4, Clear Collection       ",$25.86
"        Farberware Classic Stainless Steel Sauce Pan/Saucepan with Lid, 3 Quart, Silver       ",$29.99
"        Elama Round Stoneware Cabin Dinnerware Dish Set, 16 Piece, Elk Design with Warm Taupe and Brown Accents       ",$59.61
"        Brita Tap Water Filter System, Water Faucet Filtration System with Filter Change Reminder, Reduces Lead, BPA Free, Fits Standard Faucets Only - Basic, White       ",$19.27
        Intex Dura-Beam Deluxe Comfort Plush Air Mattress Series with Internal Pump       ,$64.99
"        Copco 255-0186 Non-Skid Pantry Cabinet Lazy Susan Turntable, 18-Inch, White/Gray - 2555-0186       ",$19.50
"        Visual Fault Locator, KELUSHI Fiber Optic Cable Tester VFL-30KM Pen Meter Universal Connector Pen Type for CATV Telecommunications Engineering Maintenance       ",$22.64
        Coleman 28 Can Backpack Soft Cooler       ,$28.99
        YOCTOSUN Head Mount Magnifier with 2 Led Professional Jeweler's Loupe Light Bracket and Headband are Interchangeable       ,$18.79
        Celestron - 70mm Travel Scope - Portable Refractor Telescope - Fully-Coated Glass Optics - Ideal Telescope for Beginners - BONUS Astronomy Software Package       ,$89.35
"        iDofit Waist Trimmer Belt, Sweat Wrap for Fat Burning, Sauna Belt Waist Trainer Stomach Shaper for Women & Men       ",$16.99
        Honeywell Uvex Bionic Face Shield with Clear Polycarbonate Visor (S8500)       ,$28.99
"        Pfaltzgraff Homespun Rooster 16-Piece Dinnerware Set, Service for 4       ",$83.82
        LEGENDARY-YES 18 Piece Nonstick Pots & Pans Cookware Set Kitchen Kitchenware Cooking NEW (RED)       ,$59.50
"        LimoStudio 9 x 15 feet / 2.7 x 4.6 Meter Green Photography Backdrop Background Screen with Clamps for Photo Video Studio Photography, Green Background for Photography, Chromakey Effect, AGG1777       ",$27.10
        Household Essentials ML-5569 Willow Wicker Laundry Basket with Handles and Liner | Natural Brown       ,$41.28
"        MacSports Collapsible Folding Outdoor Utility Wagon, Red       ",$87.95
"        Sienna Plein Air Glass Palette Insert: Large, 12"""" x 10"""" Accessory for The Sienna Plein Air Pochade Box (CT-GP-0912)       ",$25.92
        General Electric WR49X10075 Dispenser Funnel Frame       ,$45.35
"        Clarke SBDC Pennywhistle Boxed, Key of D, Black       ",$21.95
"        AR Blue Clean, PW909100K, Universal Electric Power Washer Replacement Accessory Kit with Gun, Lance, Hose and Foam cannon       ",$73.91
        Quiltworx Bali Wedding Star pattern       ,$61.93
        Mens RFID Blocking Bifold Wallet Soft Genuine Leather Brown Western       ,$28.99
"        Nexpak 22"" 2600cu.in Tactical Duffel Range Bag TF122 DMTAN Digital Camouflage - Tan       ",$37.75
"        TPRC 15-Inch Smart Under Seat Carry-On Luggage with USB Charging Port, Purple, Underseater       ",$53.34
"        AIRHEAD SUP Training Wheels, set, White       ",$47.98
        Bluecell Black Color Velvet Top Motorized Rotating Display Stand for Jewelry Model Hobby Collectible Product and other Small Stuff       ,$17.88
"        Olympia U.S.A. 8 Pocket Rolling Duffel Bag, Royal Blue, 22 inch       ",$119.95
"        Home Security Camera, Full HD 1080P Wireless Panoramic WiFi IP Camera, Home Surveillance CCTV Cameras with Motion Detection Alarm/Night Vision/Remote Viewing, Ideal for Baby/Pet 2.4GHz (Full HD 1080P)       ",$25.99
"        Premium Portable Body Camera - Wireless Wearable Camera, Person Worn Camera, Compact & Portable HD Body Camera, IR Night Vision, Built-in Rechargeable Battery, LCD Display, 16GB Memory - Pyle PPBCM9       ",$97.79
"        Prismacolor 3721 Premier Double-Ended Art Markers, Fine and Chisel Tip, 24-Count,Assorted Colors       ",$61.00
        Portable Facial Steamer Tabletop Home Spa Face Steamer Skin Beauty Care Equipment       ,$40.99
"        Projector Screen 120 inch, P-JING Projection Movies Screen 16:9 HD Foldable Anti-Crease Portable for Home Theater Outdoor Indoor Support Double Sided       ",$19.59
"        Rockland Rolling Duffel Bag, Black Dot, 22-Inch       ",$32.35
        Paladone Playstation Icons Light with 3 Light Modes - Music Reactive Game Room Lighting       ,$24.99
        Pocket Watch Display Case Storage Box for 18 Watches       ,$23.08
        GorillaDrive 3.0 Ruggedized 128GB USB Flash Drive (2-Pack)       ,$52.99
        Micom Casual Signature Printing Pu Leather Tote Shoulder Handbag with Metal Decoration for Women (R Signature)       ,
"        Drive Medical 10257RD-1 Four Wheel Rollator with Fold Up Removable Back Support, Red       ",$90.98
"        GlowCity Glow in The Dark Basketball - Light Up, Youth Size Basketballs with 2 LED Lights and Pre-Installed Batteries - Gift Ideas for Teen Boys and Girls﻿       ",$39.99
        Joligrace Makeup Train Case Cosmetic Organizer Box Lockable with 3 Trays and a Brush Holder Pattern Collection - Star Chart       ,$35.98
"        HealthSmart Raised Toilet Seat Riser That Fits Most Standard Bowls for Enhanced Comfort and Elevation with Slip Resistant Pads, 15x15x5, New and Improved       ",$21.80
        Sunnyglade 9' Patio Umbrella Outdoor Table Umbrella with 8 Sturdy Ribs (Red)       ,$50.99
"        7 Elements 6 Drawer Wooden Artist Storage Supply Box for Pastels, Pencils, Pens, Markers, Brushes and Tools       ",$39.99
        ALPS OutdoorZ Prospector       ,$25.34
        Hanging Toiletry Bag for Men VANCASE Leather Bathroom and Shower Organizer Travel Makeup Accessories kit/Great Gift       ,$33.99
        co2CREA Hard Travel Case for Replacement for JBL Charge 4 / Replacement for JBL Charge 5 Waterproof Bluetooth Speaker (Outside Black and Inside Purple)       ,$24.99
        DashSport Tennis Backpack 3 Racket Capacity with Pockets for Racquet Protection - for Men Women and Kids       ,$32.49
        12V Kids Powered Ride On Car Universal Round Hole Charger with Charging Indicator Light-for a Variety of Electric Baby Carriage Ride Toy Battery Supply Power Adapter       ,$13.98
"        AROUY Walker Bag Under Seat for Four Wheel Rollator, Rollator Bag Tote Organizer Pouch Storage to Walkers for Senoirs, Walker Accessories (Black, M)       ",$20.99
        Western Digital AV-GP WD10EURX 1TB IntelliPower 64MB Cache SATA III 6.0Gb/s 3.5in Internal Hard Drive [Renewed]- w/1 Year Warranty       ,$21.99
"        Zmodo Outdoor Camera Wireless, 1080p Security Camera Wireless, 3 Pack Indoor Outside WiFi Cameras Wireless, IR Night Vision, Motion Detection, Remote View, Easy Setup, White, Compatible with Alexa       ",$109.99
        Elegant Magnetic Bracelet Copper Therapy Magnets Bangle for Arthritis Pain for Women Men Gifts for Father's Day (Rose Gold)       ,$11.60
"        KOPACK Laptop Backpack, 15.6 Inch Anti Theft Laptop Backpack With USB Charging Port, Water Resistant Slim Laptop Backpack for Men/Women, Durable College School Backpack for Laptop and Notebook       ",$31.99
        auovo Anti dust Mats for Journey Accessories 2021 2020 2019 2018 2011-2020 Custom Fit Center Console and Cup Holder Liners Mats(Red)       ,$10.99
"        Auovo Center Console Mats for Durango Accessories 2014 2015 2016 2017 2018 2019 2020 Auto Car Cup Holder Insert/Coasters Custom Fit Cup Liners Pads Interior Decoration ( 5pcs/Set, Red Trim)       ",$11.39
"        Auovo Auto Cup Holder Inserts Coaster Fit for 2018 -2022 Wrangler JL JLU 2020-2022 Gladiator JT Cup Mat Pad Interior Decoration Accessories (4 Pcs Kit) (Red, for deep Rear Cup Holders)…       ",$15.88
        auovo Anti-dust Door Mats for Renegade Accessories 2015 2016 2017 Cup Holder Inserts Liners Center Console Mats 16PCS (Red Trim)       ,$12.88
"        auovo 11pcs Anti-dust Mats for Challenger Accessories 2015 2016 2017 2018 2019 2020 2021 2022 Interior Custom Fit Car Cup Holder Insert Coasters, Door Handle, Center Console Liner Pad(red)       ",$10.68
"        auovo Anti Dust Mats for Ram 1500 Accessories Interior 2020 2019 Custom Fit Door Compartment Cup Center Console Liners (Quad Cab with Bucket seat,18pcs/Set, Red)       ",$22.99
        auovo Anti Dust Mats for Frontier Crew Cab 2005-2020 Xterra Accessories 2005-2015 Custom Fit Door Pocket Liners Cup Holder Pads Console Mats (24pcs/Set) (red)       ,$27.99
        Auovo Anti Dust Mats for Toyota RAV4 Accessories 2022 2019-2021 Custom Interior Fit Door Compartment Cup Holder Insert Center Console Liners(13pcs/Set)(red)       ,$17.99
        auovo Anti Dust Mats for Rogue Accessories 2020 2019 2018 2017.5 2017 2016 2015 2014 Custom Fit Door Compartment Liners Car Cup Holder Insert Center Console Interior(19pcs/Set) (Red)       ,$17.99
"        auovo Anti-dust Mats for Honda CRV Accessories 2017 2018 2019 Door Liners Cup Holder Inserts Center Console Interior Decoration for Honda CR-V(Pack of 21,Red)       ",$16.68
        auovo Anti-dust Door Mats for 2018 2019 2020 2021 2022 2023 Subaru Crosstrek and 2018-2022 Impreza Gate Door Liners Inserts Cup Console Mats Interior Accessories(Pack of 14) (Red)       ,$19.38
        Auovo 2 Pcs Cup Holder Inserts Replacement for Frontier 2005-2019 Xterra 05-15 Pathfinder 05-12 Replace 96975-EA000 96975-ZS00A(with 3 Pairs of Rubber Coasters in red blue All Black)       ,$11.88
"        Air King BFQ 110 BFQ110 Exhaust Fan, 100-CFM       ",$52.33
        Wieco Art Red Wine Cups Modern Kitchen Wall Art Dinning Room Wall Decor 4 Panels Abstract Canvas Prints Artwork Contemporary Vintage Pictures Paintings on Canvas Wall Art for Kitchen Home Decorations       ,$25.99
"        Anti-dust Door Mats for 2018 2019 2020 2021 Compass Accessories Interior Gate Door mats Liner Inserts Cup Console Mat(Upgrade, Pack of 20, Red)       ",$15.36
"        SONGMICS Storage Cubes, Set of 6 Non-Woven Fabric Bins with Double Handles, Closet Organizers for Shelves, Foldable, for Clothes, Toys, Gray UROB26LG       ",$23.99
"        Auovo Leather Key Fob Case Cover Holder for Ram 1500 2022 2021 2020 2019 4 Buttons Key Fob Remote Protector Accessories(1pcs, 4 Buttons)       ",$12.99
        Tea Cup Glass Coffee Mugs Enamel Rose Flower Butterfly Drinking Cups with Spoon Set Unique Gifts for Birthday Wedding Christmas Blue Rose Tall Mug 12oz       ,$18.56
        auovo Door Mats Gate Slot Mat for Renegade Accessories 2018 2019 2020 2021 2022 Cup Holders Inserts Center Console Liners 18PCS (Red Trim)       ,$13.88
"        Elements Harlequin Embossed Metal Vase-Table Centerpiece Home Décor for Dried Flower and Artificial Floral Arrangements, Living Room Décor, Bedroom Décor, Decorative Vase, 17-Inch       ",$14.99
        LAHONI 5 Pieces Wooden Spurtles Kitchen Tools Set Wooden Kitchen Cooking Utensil Natural Teak Kitchen Set Heat Resistant Non Stick Wood Cookware Slotted Spurtle Spatula Sets Stirring Mixing Serving       ,$22.99
"        auovo Anti Dust Door Mats Custom Fit Door Cup Center Console Liners Accessories for Ford Fusion 2019 2020 2018 2017(Pack of 16) (Red, Upgrade)       ",$21.99
        HotelSpaWave Luxury Soap/Shampoo/Lotion Modular-Design Shower Dispenser System (Pack of 2)       ,$18.99
"        ENLOY 4-Piece Stainless Steel Airtight Food Storage Canister Set with Clear Lid, Canister Sets for Kitchen Counter for Sugar, Flour, Tea, Candy, Cookie, Spice, 28/32/38/65 oz       ",$27.99
"        Newtex FirePad Deck Protector - Perfect for Fire Pits, BBQ, Smokers, Grills - Protects Porch, Patio, Deck, Wood, Grass, Stone, Composite from Burns - Heat Resistant Fire Pit Mat (36"")       ",$62.95
"        auovo 17pcs Anti-dust Mats for Honda Accord Accessories 2018 2019 2020 2021 2022 Interior Car Cup Holder Inserts,Center Console Liner,Door Pocket Liner Mat(Red)       ",$17.99
"        Brentwood HM-44 Lightweight 5-Speed Electric Hand Mixer, Black       ",$14.03
"        Meat Slicer, Anescra 200W Electric Deli Food Slicer with Two Removable 7.5’’ Stainless Steel Blades and Food Carriage, Child Lock Protection, 0-15mm Adjustable Thickness Food Slicer Machine- Silver       ",$86.69
        Augason Farms Long Grain Brown Rice Emergency Food Storage 24 Pound Pail       ,$33.00
"        Brentwood Electric Appliances DF-720 8-Cup Deep Fryer, Silver       ",$41.59
"        F2C Manual Hand Citrus Juicer Extractor Press Fruit Juice Squeezer Press, Grey       ",$44.99
"        Boston Warehouse Insulated Plastic Tumblers, 24-Ounce, Set of 4, Clear Collection       ",$25.86
"        DEXI Kitchen Rugs and Mats Cushioned Anti Fatigue Comfort Runner Mat for Floor Rug Standing Rugs Set of 2,17""x29""+17""x59"", Black       ",$39.99
"        Blue Silverware Set，24-Piece Stainless Steel Flatware Service for 6, Mirror Finish Cutlery Set with Gift Box       ",$41.99
"        Brentwood J-15 24oz Electric Citrus Juicer, White       ",$19.13
"        Brentwood JB-920B 12-Speed + Pulse Blender with Glass Jar, Black       ",$33.85
"        Kashi Home Kitchen Rug, Printed Area Rug, Durable Floor, Door Mat, Farmhouse Non-Slip Carpet Latex Backing Beautiful Design Sunflower 3pc Set (2 18x30 D Shape & 1 20x40)       ",$34.99
"        SXUDA Mason Jar BPA-Free 4oz Mini Canning Jars with Regular Lids and Bands Jelly Jars for Jam, Honey, Wedding Favors, Shower Favors, Baby Foods, DIY Magnetic Spice Jars, 40 PACK       ",$59.99
        Auovo Key Fob Case Cover for Wrangler JL Key Fob Holder Remote Protector for 2018 2019 JL 2020 2021 Gladiator JT Keyless Holder Bag (1pcs 4Buttons)       ,$11.99
"        Presto 05420 FryDaddy Electric Deep Fryer,Black       ",$38.88
"        Mossy Oak 16-Piece Break-Up Infinity Dinnerware Set, Service for 4, Black and Beige       ",$63.98
"        BLACK+DECKER 12-Cup Mill and Brew Coffeemaker, Black, CM5000B       ",$69.98
"        Professional Chef Knife, 8 inch Chef Knife, High Carbon German Steel Blade with Comfortable Ergonomic Handle, Anti Rust and Wear Resistant, Suitable for Restaurant and Home Kitchen-Kitchen Emperor       ",$22.99
"        Anchor Hocking Ceramic Canister Set with Clamped Lid and Wooden Spoon, White, Mixed Sizes, Set of 4       ",$38.99
"        Pohl Schmitt Stainless Steel Bread Machine Bread Maker, 2LB 17-in-1, 14 Settings Incl Gluten Free & Fruit, Nut Dispenser, Nonstick Pan, 3 Loaf Sizes 3 Crust Colors, Keep Warm, and Recipes       ",$99.97
"        Hamilton Beach Personal Blender for Shakes and Smoothies with 14 Oz Travel Cup and Lid, Black (51101AV)       ",$22.99
"        Farberware Classic Stainless Steel Sauce Pan/Saucepan with Lid, 3 Quart, Silver       ",$29.99
"        Elama Round Stoneware Cabin Dinnerware Dish Set, 16 Piece, Elk Design with Warm Taupe and Brown Accents       ",$59.61
"        Brita Tap Water Filter System, Water Faucet Filtration System with Filter Change Reminder, Reduces Lead, BPA Free, Fits Standard Faucets Only - Basic, White       ",$19.27
        Intex Dura-Beam Deluxe Comfort Plush Air Mattress Series with Internal Pump       ,$64.99
"        Copco 255-0186 Non-Skid Pantry Cabinet Lazy Susan Turntable, 18-Inch, White/Gray - 2555-0186       ",$19.50
"        AR Blue Clean, PW909100K, Universal Electric Power Washer Replacement Accessory Kit with Gun, Lance, Hose and Foam cannon       ",$73.91
"        Visual Fault Locator, KELUSHI Fiber Optic Cable Tester VFL-30KM Pen Meter Universal Connector Pen Type for CATV Telecommunications Engineering Maintenance       ",$22.64
        Coleman 28 Can Backpack Soft Cooler       ,$28.99
"        iDofit Waist Trimmer Belt, Sweat Wrap for Fat Burning, Sauna Belt Waist Trainer Stomach Shaper for Women & Men       ",$16.99
        Celestron - 70mm Travel Scope - Portable Refractor Telescope - Fully-Coated Glass Optics - Ideal Telescope for Beginners - BONUS Astronomy Software Package       ,$89.35
        YOCTOSUN Head Mount Magnifier with 2 Led Professional Jeweler's Loupe Light Bracket and Headband are Interchangeable       ,$18.79
        LEGENDARY-YES 18 Piece Nonstick Pots & Pans Cookware Set Kitchen Kitchenware Cooking NEW (RED)       ,$59.50
        Honeywell Uvex Bionic Face Shield with Clear Polycarbonate Visor (S8500)       ,$28.99
"        Pfaltzgraff Homespun Rooster 16-Piece Dinnerware Set, Service for 4       ",$83.82
"        LimoStudio 9 x 15 feet / 2.7 x 4.6 Meter Green Photography Backdrop Background Screen with Clamps for Photo Video Studio Photography, Green Background for Photography, Chromakey Effect, AGG1777       ",$27.10
        Household Essentials ML-5569 Willow Wicker Laundry Basket with Handles and Liner | Natural Brown       ,$41.28
"        MacSports Collapsible Folding Outdoor Utility Wagon, Red       ",$87.95
"        Sienna Plein Air Glass Palette Insert: Large, 12"""" x 10"""" Accessory for The Sienna Plein Air Pochade Box (CT-GP-0912)       ",$25.92
        General Electric WR49X10075 Dispenser Funnel Frame       ,$45.35
"        Clarke SBDC Pennywhistle Boxed, Key of D, Black       ",$21.95
        Quiltworx Bali Wedding Star pattern       ,$61.93
        Mens RFID Blocking Bifold Wallet Soft Genuine Leather Brown Western       ,$28.99
"        Nexpak 22"" 2600cu.in Tactical Duffel Range Bag TF122 DMTAN Digital Camouflage - Tan       ",$37.75
"        TPRC 15-Inch Smart Under Seat Carry-On Luggage with USB Charging Port, Purple, Underseater       ",$53.34
"        AIRHEAD SUP Training Wheels, set, White       ",$47.98
        Bluecell Black Color Velvet Top Motorized Rotating Display Stand for Jewelry Model Hobby Collectible Product and other Small Stuff       ,$17.88
"        Olympia U.S.A. 8 Pocket Rolling Duffel Bag, Royal Blue, 22 inch       ",$119.95
"        Premium Portable Body Camera - Wireless Wearable Camera, Person Worn Camera, Compact & Portable HD Body Camera, IR Night Vision, Built-in Rechargeable Battery, LCD Display, 16GB Memory - Pyle PPBCM9       ",$97.79
"        Home Security Camera, Full HD 1080P Wireless Panoramic WiFi IP Camera, Home Surveillance CCTV Cameras with Motion Detection Alarm/Night Vision/Remote Viewing, Ideal for Baby/Pet 2.4GHz (Full HD 1080P)       ",$25.99
"        Prismacolor 3721 Premier Double-Ended Art Markers, Fine and Chisel Tip, 24-Count,Assorted Colors       ",$61.00
        Portable Facial Steamer Tabletop Home Spa Face Steamer Skin Beauty Care Equipment       ,$40.99
"        Projector Screen 120 inch, P-JING Projection Movies Screen 16:9 HD Foldable Anti-Crease Portable for Home Theater Outdoor Indoor Support Double Sided       ",$19.59
"        Rockland Rolling Duffel Bag, Black Dot, 22-Inch       ",$32.35
        Paladone Playstation Icons Light with 3 Light Modes - Music Reactive Game Room Lighting       ,$24.99
        Pocket Watch Display Case Storage Box for 18 Watches       ,$23.08
        GorillaDrive 3.0 Ruggedized 128GB USB Flash Drive (2-Pack)       ,$52.99
        Micom Casual Signature Printing Pu Leather Tote Shoulder Handbag with Metal Decoration for Women (R Signature)       ,
"        GlowCity Glow in The Dark Basketball - Light Up, Youth Size Basketballs with 2 LED Lights and Pre-Installed Batteries - Gift Ideas for Teen Boys and Girls﻿       ",$39.99
"        Drive Medical 10257RD-1 Four Wheel Rollator with Fold Up Removable Back Support, Red       ",$90.98
"        HealthSmart Raised Toilet Seat Riser That Fits Most Standard Bowls for Enhanced Comfort and Elevation with Slip Resistant Pads, 15x15x5, New and Improved       ",$21.80
        Joligrace Makeup Train Case Cosmetic Organizer Box Lockable with 3 Trays and a Brush Holder Pattern Collection - Star Chart       ,$35.98
        Sunnyglade 9' Patio Umbrella Outdoor Table Umbrella with 8 Sturdy Ribs (Red)       ,$50.99
"        7 Elements 6 Drawer Wooden Artist Storage Supply Box for Pastels, Pencils, Pens, Markers, Brushes and Tools       ",$39.99
        ALPS OutdoorZ Prospector       ,$25.34
        Hanging Toiletry Bag for Men VANCASE Leather Bathroom and Shower Organizer Travel Makeup Accessories kit/Great Gift       ,$33.99
        co2CREA Hard Travel Case for Replacement for JBL Charge 4 / Replacement for JBL Charge 5 Waterproof Bluetooth Speaker (Outside Black and Inside Purple)       ,$24.99
        12V Kids Powered Ride On Car Universal Round Hole Charger with Charging Indicator Light-for a Variety of Electric Baby Carriage Ride Toy Battery Supply Power Adapter       ,$13.98
        DashSport Tennis Backpack 3 Racket Capacity with Pockets for Racquet Protection - for Men Women and Kids       ,$32.49
"        AROUY Walker Bag Under Seat for Four Wheel Rollator, Rollator Bag Tote Organizer Pouch Storage to Walkers for Senoirs, Walker Accessories (Black, M)       ",$20.99
        Western Digital AV-GP WD10EURX 1TB IntelliPower 64MB Cache SATA III 6.0Gb/s 3.5in Internal Hard Drive [Renewed]- w/1 Year Warranty       ,$21.99
"        Zmodo Outdoor Camera Wireless, 1080p Security Camera Wireless, 3 Pack Indoor Outside WiFi Cameras Wireless, IR Night Vision, Motion Detection, Remote View, Easy Setup, White, Compatible with Alexa       ",$109.99
        Elegant Magnetic Bracelet Copper Therapy Magnets Bangle for Arthritis Pain for Women Men Gifts for Father's Day (Rose Gold)       ,$11.60
"        KOPACK Laptop Backpack, 15.6 Inch Anti Theft Laptop Backpack With USB Charging Port, Water Resistant Slim Laptop Backpack for Men/Women, Durable College School Backpack for Laptop and Notebook       ",$31.99
"        Auovo Center Console Mats for Durango Accessories 2014 2015 2016 2017 2018 2019 2020 Auto Car Cup Holder Insert/Coasters Custom Fit Cup Liners Pads Interior Decoration ( 5pcs/Set, Red Trim)       ",$11.39
        auovo Anti dust Mats for Journey Accessories 2021 2020 2019 2018 2011-2020 Custom Fit Center Console and Cup Holder Liners Mats(Red)       ,$10.99
"        Auovo Auto Cup Holder Inserts Coaster Fit for 2018 -2022 Wrangler JL JLU 2020-2022 Gladiator JT Cup Mat Pad Interior Decoration Accessories (4 Pcs Kit) (Red, for deep Rear Cup Holders)…       ",$15.88
"        auovo 11pcs Anti-dust Mats for Challenger Accessories 2015 2016 2017 2018 2019 2020 2021 2022 Interior Custom Fit Car Cup Holder Insert Coasters, Door Handle, Center Console Liner Pad(red)       ",$10.68
        auovo Anti-dust Door Mats for Renegade Accessories 2015 2016 2017 Cup Holder Inserts Liners Center Console Mats 16PCS (Red Trim)       ,$12.88
"        auovo Anti Dust Mats for Ram 1500 Accessories Interior 2020 2019 Custom Fit Door Compartment Cup Center Console Liners (Quad Cab with Bucket seat,18pcs/Set, Red)       ",$22.99
        auovo Anti Dust Mats for Frontier Crew Cab 2005-2020 Xterra Accessories 2005-2015 Custom Fit Door Pocket Liners Cup Holder Pads Console Mats (24pcs/Set) (red)       ,$27.99
        Auovo Anti Dust Mats for Toyota RAV4 Accessories 2022 2019-2021 Custom Interior Fit Door Compartment Cup Holder Insert Center Console Liners(13pcs/Set)(red)       ,$17.99
        auovo Anti Dust Mats for Rogue Accessories 2020 2019 2018 2017.5 2017 2016 2015 2014 Custom Fit Door Compartment Liners Car Cup Holder Insert Center Console Interior(19pcs/Set) (Red)       ,$17.99
        auovo Anti-dust Door Mats for 2018 2019 2020 2021 2022 2023 Subaru Crosstrek and 2018-2022 Impreza Gate Door Liners Inserts Cup Console Mats Interior Accessories(Pack of 14) (Red)       ,$19.38
"        auovo Anti-dust Mats for Honda CRV Accessories 2017 2018 2019 Door Liners Cup Holder Inserts Center Console Interior Decoration for Honda CR-V(Pack of 21,Red)       ",$16.68
        Auovo 2 Pcs Cup Holder Inserts Replacement for Frontier 2005-2019 Xterra 05-15 Pathfinder 05-12 Replace 96975-EA000 96975-ZS00A(with 3 Pairs of Rubber Coasters in red blue All Black)       ,$11.88
        Wieco Art Red Wine Cups Modern Kitchen Wall Art Dinning Room Wall Decor 4 Panels Abstract Canvas Prints Artwork Contemporary Vintage Pictures Paintings on Canvas Wall Art for Kitchen Home Decorations       ,$25.99
"        Air King BFQ 110 BFQ110 Exhaust Fan, 100-CFM       ",$52.33
"        Anti-dust Door Mats for 2018 2019 2020 2021 Compass Accessories Interior Gate Door mats Liner Inserts Cup Console Mat(Upgrade, Pack of 20, Red)       ",$15.36
"        SONGMICS Storage Cubes, Set of 6 Non-Woven Fabric Bins with Double Handles, Closet Organizers for Shelves, Foldable, for Clothes, Toys, Gray UROB26LG       ",$23.99
"        Auovo Leather Key Fob Case Cover Holder for Ram 1500 2022 2021 2020 2019 4 Buttons Key Fob Remote Protector Accessories(1pcs, 4 Buttons)       ",$12.99
        Tea Cup Glass Coffee Mugs Enamel Rose Flower Butterfly Drinking Cups with Spoon Set Unique Gifts for Birthday Wedding Christmas Blue Rose Tall Mug 12oz       ,$18.56
        auovo Door Mats Gate Slot Mat for Renegade Accessories 2018 2019 2020 2021 2022 Cup Holders Inserts Center Console Liners 18PCS (Red Trim)       ,$13.88
"        Elements Harlequin Embossed Metal Vase-Table Centerpiece Home Décor for Dried Flower and Artificial Floral Arrangements, Living Room Décor, Bedroom Décor, Decorative Vase, 17-Inch       ",$14.99
"        auovo Anti Dust Door Mats Custom Fit Door Cup Center Console Liners Accessories for Ford Fusion 2019 2020 2018 2017(Pack of 16) (Red, Upgrade)       ",$21.99
        LAHONI 5 Pieces Wooden Spurtles Kitchen Tools Set Wooden Kitchen Cooking Utensil Natural Teak Kitchen Set Heat Resistant Non Stick Wood Cookware Slotted Spurtle Spatula Sets Stirring Mixing Serving       ,$22.99
        HotelSpaWave Luxury Soap/Shampoo/Lotion Modular-Design Shower Dispenser System (Pack of 2)       ,$18.99
"        ENLOY 4-Piece Stainless Steel Airtight Food Storage Canister Set with Clear Lid, Canister Sets for Kitchen Counter for Sugar, Flour, Tea, Candy, Cookie, Spice, 28/32/38/65 oz       ",$27.99
"        Newtex FirePad Deck Protector - Perfect for Fire Pits, BBQ, Smokers, Grills - Protects Porch, Patio, Deck, Wood, Grass, Stone, Composite from Burns - Heat Resistant Fire Pit Mat (36"")       ",$62.95
"        auovo 17pcs Anti-dust Mats for Honda Accord Accessories 2018 2019 2020 2021 2022 Interior Car Cup Holder Inserts,Center Console Liner,Door Pocket Liner Mat(Red)       ",$17.99
"        Brentwood HM-44 Lightweight 5-Speed Electric Hand Mixer, Black       ",$14.03
"        Meat Slicer, Anescra 200W Electric Deli Food Slicer with Two Removable 7.5’’ Stainless Steel Blades and Food Carriage, Child Lock Protection, 0-15mm Adjustable Thickness Food Slicer Machine- Silver       ",$86.69
        Augason Farms Long Grain Brown Rice Emergency Food Storage 24 Pound Pail       ,$33.00
"        Brentwood Electric Appliances DF-720 8-Cup Deep Fryer, Silver       ",$41.59
"        F2C Manual Hand Citrus Juicer Extractor Press Fruit Juice Squeezer Press, Grey       ",$44.99
"        Boston Warehouse Insulated Plastic Tumblers, 24-Ounce, Set of 4, Clear Collection       ",$25.86
"        Blue Silverware Set，24-Piece Stainless Steel Flatware Service for 6, Mirror Finish Cutlery Set with Gift Box       ",$41.99
"        DEXI Kitchen Rugs and Mats Cushioned Anti Fatigue Comfort Runner Mat for Floor Rug Standing Rugs Set of 2,17""x29""+17""x59"", Black       ",$39.99
"        Brentwood J-15 24oz Electric Citrus Juicer, White       ",$19.13
"        Brentwood JB-920B 12-Speed + Pulse Blender with Glass Jar, Black       ",$33.85
"        Kashi Home Kitchen Rug, Printed Area Rug, Durable Floor, Door Mat, Farmhouse Non-Slip Carpet Latex Backing Beautiful Design Sunflower 3pc Set (2 18x30 D Shape & 1 20x40)       ",$34.99
"        SXUDA Mason Jar BPA-Free 4oz Mini Canning Jars with Regular Lids and Bands Jelly Jars for Jam, Honey, Wedding Favors, Shower Favors, Baby Foods, DIY Magnetic Spice Jars, 40 PACK       ",$59.99
        Auovo Key Fob Case Cover for Wrangler JL Key Fob Holder Remote Protector for 2018 2019 JL 2020 2021 Gladiator JT Keyless Holder Bag (1pcs 4Buttons)       ,$11.99
"        Presto 05420 FryDaddy Electric Deep Fryer,Black       ",$38.88
"        Mossy Oak 16-Piece Break-Up Infinity Dinnerware Set, Service for 4, Black and Beige       ",$63.98
"        BLACK+DECKER 12-Cup Mill and Brew Coffeemaker, Black, CM5000B       ",$69.98
"        Professional Chef Knife, 8 inch Chef Knife, High Carbon German Steel Blade with Comfortable Ergonomic Handle, Anti Rust and Wear Resistant, Suitable for Restaurant and Home Kitchen-Kitchen Emperor       ",$22.99
"        Anchor Hocking Ceramic Canister Set with Clamped Lid and Wooden Spoon, White, Mixed Sizes, Set of 4       ",$38.99
"        Pohl Schmitt Stainless Steel Bread Machine Bread Maker, 2LB 17-in-1, 14 Settings Incl Gluten Free & Fruit, Nut Dispenser, Nonstick Pan, 3 Loaf Sizes 3 Crust Colors, Keep Warm, and Recipes       ",$99.97
"        Hamilton Beach Personal Blender for Shakes and Smoothies with 14 Oz Travel Cup and Lid, Black (51101AV)       ",$22.99
"        Farberware Classic Stainless Steel Sauce Pan/Saucepan with Lid, 3 Quart, Silver       ",$29.99
"        Elama Round Stoneware Cabin Dinnerware Dish Set, 16 Piece, Elk Design with Warm Taupe and Brown Accents       ",$59.61
"        Brita Tap Water Filter System, Water Faucet Filtration System with Filter Change Reminder, Reduces Lead, BPA Free, Fits Standard Faucets Only - Basic, White       ",$19.27
        Intex Dura-Beam Deluxe Comfort Plush Air Mattress Series with Internal Pump       ,$64.99
"        Visual Fault Locator, KELUSHI Fiber Optic Cable Tester VFL-30KM Pen Meter Universal Connector Pen Type for CATV Telecommunications Engineering Maintenance       ",$22.64
"        Copco 255-0186 Non-Skid Pantry Cabinet Lazy Susan Turntable, 18-Inch, White/Gray - 2555-0186       ",$19.50
"        AR Blue Clean, PW909100K, Universal Electric Power Washer Replacement Accessory Kit with Gun, Lance, Hose and Foam cannon       ",$73.91
        Coleman 28 Can Backpack Soft Cooler       ,$28.99
        YOCTOSUN Head Mount Magnifier with 2 Led Professional Jeweler's Loupe Light Bracket and Headband are Interchangeable       ,$18.79
        Celestron - 70mm Travel Scope - Portable Refractor Telescope - Fully-Coated Glass Optics - Ideal Telescope for Beginners - BONUS Astronomy Software Package       ,$89.35
"        iDofit Waist Trimmer Belt, Sweat Wrap for Fat Burning, Sauna Belt Waist Trainer Stomach Shaper for Women & Men       ",$16.99
        LEGENDARY-YES 18 Piece Nonstick Pots & Pans Cookware Set Kitchen Kitchenware Cooking NEW (RED)       ,$59.50
        Honeywell Uvex Bionic Face Shield with Clear Polycarbonate Visor (S8500)       ,$28.99
"        Pfaltzgraff Homespun Rooster 16-Piece Dinnerware Set, Service for 4       ",$83.82
"        LimoStudio 9 x 15 feet / 2.7 x 4.6 Meter Green Photography Backdrop Background Screen with Clamps for Photo Video Studio Photography, Green Background for Photography, Chromakey Effect, AGG1777       ",$27.10
        Household Essentials ML-5569 Willow Wicker Laundry Basket with Handles and Liner | Natural Brown       ,$41.28
"        MacSports Collapsible Folding Outdoor Utility Wagon, Red       ",$87.95
"        Sienna Plein Air Glass Palette Insert: Large, 12"""" x 10"""" Accessory for The Sienna Plein Air Pochade Box (CT-GP-0912)       ",$25.92
        General Electric WR49X10075 Dispenser Funnel Frame       ,$45.35
"        Clarke SBDC Pennywhistle Boxed, Key of D, Black       ",$21.95
        Quiltworx Bali Wedding Star pattern       ,$61.93
        Mens RFID Blocking Bifold Wallet Soft Genuine Leather Brown Western       ,$28.99
"        Nexpak 22"" 2600cu.in Tactical Duffel Range Bag TF122 DMTAN Digital Camouflage - Tan       ",$37.75
"        TPRC 15-Inch Smart Under Seat Carry-On Luggage with USB Charging Port, Purple, Underseater       ",$53.34
"        AIRHEAD SUP Training Wheels, set, White       ",$47.98
        Bluecell Black Color Velvet Top Motorized Rotating Display Stand for Jewelry Model Hobby Collectible Product and other Small Stuff       ,$17.88
"        Olympia U.S.A. 8 Pocket Rolling Duffel Bag, Royal Blue, 22 inch       ",$119.95
"        Premium Portable Body Camera - Wireless Wearable Camera, Person Worn Camera, Compact & Portable HD Body Camera, IR Night Vision, Built-in Rechargeable Battery, LCD Display, 16GB Memory - Pyle PPBCM9       ",$97.79
"        Home Security Camera, Full HD 1080P Wireless Panoramic WiFi IP Camera, Home Surveillance CCTV Cameras with Motion Detection Alarm/Night Vision/Remote Viewing, Ideal for Baby/Pet 2.4GHz (Full HD 1080P)       ",$25.99
"        Prismacolor 3721 Premier Double-Ended Art Markers, Fine and Chisel Tip, 24-Count,Assorted Colors       ",$61.00
        Portable Facial Steamer Tabletop Home Spa Face Steamer Skin Beauty Care Equipment       ,$40.99
        Paladone Playstation Icons Light with 3 Light Modes - Music Reactive Game Room Lighting       ,$24.99
"        Projector Screen 120 inch, P-JING Projection Movies Screen 16:9 HD Foldable Anti-Crease Portable for Home Theater Outdoor Indoor Support Double Sided       ",$19.59
        Pocket Watch Display Case Storage Box for 18 Watches       ,$23.08
"        Rockland Rolling Duffel Bag, Black Dot, 22-Inch       ",$32.35
        GorillaDrive 3.0 Ruggedized 128GB USB Flash Drive (2-Pack)       ,$52.99
        Micom Casual Signature Printing Pu Leather Tote Shoulder Handbag with Metal Decoration for Women (R Signature)       ,
"        Drive Medical 10257RD-1 Four Wheel Rollator with Fold Up Removable Back Support, Red       ",$90.98
"        GlowCity Glow in The Dark Basketball - Light Up, Youth Size Basketballs with 2 LED Lights and Pre-Installed Batteries - Gift Ideas for Teen Boys and Girls﻿       ",$39.99
"        HealthSmart Raised Toilet Seat Riser That Fits Most Standard Bowls for Enhanced Comfort and Elevation with Slip Resistant Pads, 15x15x5, New and Improved       ",$21.80
        Joligrace Makeup Train Case Cosmetic Organizer Box Lockable with 3 Trays and a Brush Holder Pattern Collection - Star Chart       ,$35.98
        Sunnyglade 9' Patio Umbrella Outdoor Table Umbrella with 8 Sturdy Ribs (Red)       ,$50.99
"        7 Elements 6 Drawer Wooden Artist Storage Supply Box for Pastels, Pencils, Pens, Markers, Brushes and Tools       ",$39.99
        ALPS OutdoorZ Prospector       ,$25.34
        Hanging Toiletry Bag for Men VANCASE Leather Bathroom and Shower Organizer Travel Makeup Accessories kit/Great Gift       ,$33.99
        co2CREA Hard Travel Case for Replacement for JBL Charge 4 / Replacement for JBL Charge 5 Waterproof Bluetooth Speaker (Outside Black and Inside Purple)       ,$24.99
        DashSport Tennis Backpack 3 Racket Capacity with Pockets for Racquet Protection - for Men Women and Kids       ,$32.49
"        AROUY Walker Bag Under Seat for Four Wheel Rollator, Rollator Bag Tote Organizer Pouch Storage to Walkers for Senoirs, Walker Accessories (Black, M)       ",$20.99
        12V Kids Powered Ride On Car Universal Round Hole Charger with Charging Indicator Light-for a Variety of Electric Baby Carriage Ride Toy Battery Supply Power Adapter       ,$13.98
"        Zmodo Outdoor Camera Wireless, 1080p Security Camera Wireless, 3 Pack Indoor Outside WiFi Cameras Wireless, IR Night Vision, Motion Detection, Remote View, Easy Setup, White, Compatible with Alexa       ",$109.99
        Elegant Magnetic Bracelet Copper Therapy Magnets Bangle for Arthritis Pain for Women Men Gifts for Father's Day (Rose Gold)       ,$11.60
        Western Digital AV-GP WD10EURX 1TB IntelliPower 64MB Cache SATA III 6.0Gb/s 3.5in Internal Hard Drive [Renewed]- w/1 Year Warranty       ,$21.99
"        KOPACK Laptop Backpack, 15.6 Inch Anti Theft Laptop Backpack With USB Charging Port, Water Resistant Slim Laptop Backpack for Men/Women, Durable College School Backpack for Laptop and Notebook       ",$31.99
        auovo Anti dust Mats for Journey Accessories 2021 2020 2019 2018 2011-2020 Custom Fit Center Console and Cup Holder Liners Mats(Red)       ,$10.99
"        Auovo Center Console Mats for Durango Accessories 2014 2015 2016 2017 2018 2019 2020 Auto Car Cup Holder Insert/Coasters Custom Fit Cup Liners Pads Interior Decoration ( 5pcs/Set, Red Trim)       ",$11.39
"        Auovo Auto Cup Holder Inserts Coaster Fit for 2018 -2022 Wrangler JL JLU 2020-2022 Gladiator JT Cup Mat Pad Interior Decoration Accessories (4 Pcs Kit) (Red, for deep Rear Cup Holders)…       ",$15.88
"        auovo 11pcs Anti-dust Mats for Challenger Accessories 2015 2016 2017 2018 2019 2020 2021 2022 Interior Custom Fit Car Cup Holder Insert Coasters, Door Handle, Center Console Liner Pad(red)       ",$10.68
"        auovo Anti Dust Mats for Ram 1500 Accessories Interior 2020 2019 Custom Fit Door Compartment Cup Center Console Liners (Quad Cab with Bucket seat,18pcs/Set, Red)       ",$22.99
        auovo Anti Dust Mats for Frontier Crew Cab 2005-2020 Xterra Accessories 2005-2015 Custom Fit Door Pocket Liners Cup Holder Pads Console Mats (24pcs/Set) (red)       ,$27.99
        Auovo Anti Dust Mats for Toyota RAV4 Accessories 2022 2019-2021 Custom Interior Fit Door Compartment Cup Holder Insert Center Console Liners(13pcs/Set)(red)       ,$17.99
        auovo Anti-dust Door Mats for Renegade Accessories 2015 2016 2017 Cup Holder Inserts Liners Center Console Mats 16PCS (Red Trim)       ,$12.88
        auovo Anti Dust Mats for Rogue Accessories 2020 2019 2018 2017.5 2017 2016 2015 2014 Custom Fit Door Compartment Liners Car Cup Holder Insert Center Console Interior(19pcs/Set) (Red)       ,$17.99
"        auovo Anti-dust Mats for Honda CRV Accessories 2017 2018 2019 Door Liners Cup Holder Inserts Center Console Interior Decoration for Honda CR-V(Pack of 21,Red)       ",$16.68
        auovo Anti-dust Door Mats for 2018 2019 2020 2021 2022 2023 Subaru Crosstrek and 2018-2022 Impreza Gate Door Liners Inserts Cup Console Mats Interior Accessories(Pack of 14) (Red)       ,$19.38
        Auovo 2 Pcs Cup Holder Inserts Replacement for Frontier 2005-2019 Xterra 05-15 Pathfinder 05-12 Replace 96975-EA000 96975-ZS00A(with 3 Pairs of Rubber Coasters in red blue All Black)       ,$11.88
"        Air King BFQ 110 BFQ110 Exhaust Fan, 100-CFM       ",$52.33
        Wieco Art Red Wine Cups Modern Kitchen Wall Art Dinning Room Wall Decor 4 Panels Abstract Canvas Prints Artwork Contemporary Vintage Pictures Paintings on Canvas Wall Art for Kitchen Home Decorations       ,$25.99
"        Anti-dust Door Mats for 2018 2019 2020 2021 Compass Accessories Interior Gate Door mats Liner Inserts Cup Console Mat(Upgrade, Pack of 20, Red)       ",$15.36
"        SONGMICS Storage Cubes, Set of 6 Non-Woven Fabric Bins with Double Handles, Closet Organizers for Shelves, Foldable, for Clothes, Toys, Gray UROB26LG       ",$23.99
"        Auovo Leather Key Fob Case Cover Holder for Ram 1500 2022 2021 2020 2019 4 Buttons Key Fob Remote Protector Accessories(1pcs, 4 Buttons)       ",$12.99
        Tea Cup Glass Coffee Mugs Enamel Rose Flower Butterfly Drinking Cups with Spoon Set Unique Gifts for Birthday Wedding Christmas Blue Rose Tall Mug 12oz       ,$18.56
"        Elements Harlequin Embossed Metal Vase-Table Centerpiece Home Décor for Dried Flower and Artificial Floral Arrangements, Living Room Décor, Bedroom Décor, Decorative Vase, 17-Inch       ",$14.99
        auovo Door Mats Gate Slot Mat for Renegade Accessories 2018 2019 2020 2021 2022 Cup Holders Inserts Center Console Liners 18PCS (Red Trim)       ,$13.88
"        auovo Anti Dust Door Mats Custom Fit Door Cup Center Console Liners Accessories for Ford Fusion 2019 2020 2018 2017(Pack of 16) (Red, Upgrade)       ",$21.99
        LAHONI 5 Pieces Wooden Spurtles Kitchen Tools Set Wooden Kitchen Cooking Utensil Natural Teak Kitchen Set Heat Resistant Non Stick Wood Cookware Slotted Spurtle Spatula Sets Stirring Mixing Serving       ,$22.99
        HotelSpaWave Luxury Soap/Shampoo/Lotion Modular-Design Shower Dispenser System (Pack of 2)       ,$18.99
"        ENLOY 4-Piece Stainless Steel Airtight Food Storage Canister Set with Clear Lid, Canister Sets for Kitchen Counter for Sugar, Flour, Tea, Candy, Cookie, Spice, 28/32/38/65 oz       ",$27.99
"        Newtex FirePad Deck Protector - Perfect for Fire Pits, BBQ, Smokers, Grills - Protects Porch, Patio, Deck, Wood, Grass, Stone, Composite from Burns - Heat Resistant Fire Pit Mat (36"")       ",$62.95
"        auovo 17pcs Anti-dust Mats for Honda Accord Accessories 2018 2019 2020 2021 2022 Interior Car Cup Holder Inserts,Center Console Liner,Door Pocket Liner Mat(Red)       ",$17.99
"        Brentwood HM-44 Lightweight 5-Speed Electric Hand Mixer, Black       ",$14.03
"        Meat Slicer, Anescra 200W Electric Deli Food Slicer with Two Removable 7.5’’ Stainless Steel Blades and Food Carriage, Child Lock Protection, 0-15mm Adjustable Thickness Food Slicer Machine- Silver       ",$86.69
        Augason Farms Long Grain Brown Rice Emergency Food Storage 24 Pound Pail       ,$33.00
"        Brentwood Electric Appliances DF-720 8-Cup Deep Fryer, Silver       ",$41.59
"        F2C Manual Hand Citrus Juicer Extractor Press Fruit Juice Squeezer Press, Grey       ",$44.99
"        Boston Warehouse Insulated Plastic Tumblers, 24-Ounce, Set of 4, Clear Collection       ",$25.86
"        DEXI Kitchen Rugs and Mats Cushioned Anti Fatigue Comfort Runner Mat for Floor Rug Standing Rugs Set of 2,17""x29""+17""x59"", Black       ",$39.99
"        Blue Silverware Set，24-Piece Stainless Steel Flatware Service for 6, Mirror Finish Cutlery Set with Gift Box       ",$41.99
"        Brentwood J-15 24oz Electric Citrus Juicer, White       ",$19.13
"        Brentwood JB-920B 12-Speed + Pulse Blender with Glass Jar, Black       ",$33.85
"        Kashi Home Kitchen Rug, Printed Area Rug, Durable Floor, Door Mat, Farmhouse Non-Slip Carpet Latex Backing Beautiful Design Sunflower 3pc Set (2 18x30 D Shape & 1 20x40)       ",$34.99
"        SXUDA Mason Jar BPA-Free 4oz Mini Canning Jars with Regular Lids and Bands Jelly Jars for Jam, Honey, Wedding Favors, Shower Favors, Baby Foods, DIY Magnetic Spice Jars, 40 PACK       ",$59.99
        Auovo Key Fob Case Cover for Wrangler JL Key Fob Holder Remote Protector for 2018 2019 JL 2020 2021 Gladiator JT Keyless Holder Bag (1pcs 4Buttons)       ,$11.99
"        Presto 05420 FryDaddy Electric Deep Fryer,Black       ",$38.88
"        Mossy Oak 16-Piece Break-Up Infinity Dinnerware Set, Service for 4, Black and Beige       ",$63.98
"        BLACK+DECKER 12-Cup Mill and Brew Coffeemaker, Black, CM5000B       ",$69.98
"        Professional Chef Knife, 8 inch Chef Knife, High Carbon German Steel Blade with Comfortable Ergonomic Handle, Anti Rust and Wear Resistant, Suitable for Restaurant and Home Kitchen-Kitchen Emperor       ",$22.99
"        Anchor Hocking Ceramic Canister Set with Clamped Lid and Wooden Spoon, White, Mixed Sizes, Set of 4       ",$38.99
"        Pohl Schmitt Stainless Steel Bread Machine Bread Maker, 2LB 17-in-1, 14 Settings Incl Gluten Free & Fruit, Nut Dispenser, Nonstick Pan, 3 Loaf Sizes 3 Crust Colors, Keep Warm, and Recipes       ",$99.97
"        Farberware Classic Stainless Steel Sauce Pan/Saucepan with Lid, 3 Quart, Silver       ",$29.99
"        Elama Round Stoneware Cabin Dinnerware Dish Set, 16 Piece, Elk Design with Warm Taupe and Brown Accents       ",$59.61
"        Brita Tap Water Filter System, Water Faucet Filtration System with Filter Change Reminder, Reduces Lead, BPA Free, Fits Standard Faucets Only - Basic, White       ",$19.27
        Intex Dura-Beam Deluxe Comfort Plush Air Mattress Series with Internal Pump       ,$64.99
"        Copco 255-0186 Non-Skid Pantry Cabinet Lazy Susan Turntable, 18-Inch, White/Gray - 2555-0186       ",$19.50
"        Hamilton Beach Personal Blender for Shakes and Smoothies with 14 Oz Travel Cup and Lid, Black (51101AV)       ",$22.99
"        Visual Fault Locator, KELUSHI Fiber Optic Cable Tester VFL-30KM Pen Meter Universal Connector Pen Type for CATV Telecommunications Engineering Maintenance       ",$22.64
"        AR Blue Clean, PW909100K, Universal Electric Power Washer Replacement Accessory Kit with Gun, Lance, Hose and Foam cannon       ",$73.91
        Coleman 28 Can Backpack Soft Cooler       ,$28.99
        YOCTOSUN Head Mount Magnifier with 2 Led Professional Jeweler's Loupe Light Bracket and Headband are Interchangeable       ,$18.79
"        iDofit Waist Trimmer Belt, Sweat Wrap for Fat Burning, Sauna Belt Waist Trainer Stomach Shaper for Women & Men       ",$16.99
        Celestron - 70mm Travel Scope - Portable Refractor Telescope - Fully-Coated Glass Optics - Ideal Telescope for Beginners - BONUS Astronomy Software Package       ,$89.35
        LEGENDARY-YES 18 Piece Nonstick Pots & Pans Cookware Set Kitchen Kitchenware Cooking NEW (RED)       ,$59.50
        Honeywell Uvex Bionic Face Shield with Clear Polycarbonate Visor (S8500)       ,$28.99
"        Pfaltzgraff Homespun Rooster 16-Piece Dinnerware Set, Service for 4       ",$83.82
"        LimoStudio 9 x 15 feet / 2.7 x 4.6 Meter Green Photography Backdrop Background Screen with Clamps for Photo Video Studio Photography, Green Background for Photography, Chromakey Effect, AGG1777       ",$27.10
        Household Essentials ML-5569 Willow Wicker Laundry Basket with Handles and Liner | Natural Brown       ,$41.28
,
"        MacSports Collapsible Folding Outdoor Utility Wagon, Red       ",$87.95
        General Electric WR49X10075 Dispenser Funnel Frame       ,$45.35
"        Clarke SBDC Pennywhistle Boxed, Key of D, Black       ",$21.95
        Quiltworx Bali Wedding Star pattern       ,$61.93
        Mens RFID Blocking Bifold Wallet Soft Genuine Leather Brown Western       ,$28.99
"        Nexpak 22"" 2600cu.in Tactical Duffel Range Bag TF122 DMTAN Digital Camouflage - Tan       ",$37.75
"        TPRC 15-Inch Smart Under Seat Carry-On Luggage with USB Charging Port, Purple, Underseater       ",$53.34
"        AIRHEAD SUP Training Wheels, set, White       ",$47.98
        Bluecell Black Color Velvet Top Motorized Rotating Display Stand for Jewelry Model Hobby Collectible Product and other Small Stuff       ,$17.88
"        Olympia U.S.A. 8 Pocket Rolling Duffel Bag, Royal Blue, 22 inch       ",$119.95
"        Home Security Camera, Full HD 1080P Wireless Panoramic WiFi IP Camera, Home Surveillance CCTV Cameras with Motion Detection Alarm/Night Vision/Remote Viewing, Ideal for Baby/Pet 2.4GHz (Full HD 1080P)       ",$25.99
"        Premium Portable Body Camera - Wireless Wearable Camera, Person Worn Camera, Compact & Portable HD Body Camera, IR Night Vision, Built-in Rechargeable Battery, LCD Display, 16GB Memory - Pyle PPBCM9       ",$97.79
"        Prismacolor 3721 Premier Double-Ended Art Markers, Fine and Chisel Tip, 24-Count,Assorted Colors       ",$61.00
        Portable Facial Steamer Tabletop Home Spa Face Steamer Skin Beauty Care Equipment       ,$40.99
"        Projector Screen 120 inch, P-JING Projection Movies Screen 16:9 HD Foldable Anti-Crease Portable for Home Theater Outdoor Indoor Support Double Sided       ",$19.59
"        Rockland Rolling Duffel Bag, Black Dot, 22-Inch       ",$32.35
        Paladone Playstation Icons Light with 3 Light Modes - Music Reactive Game Room Lighting       ,$24.99
        Pocket Watch Display Case Storage Box for 18 Watches       ,$23.08
        GorillaDrive 3.0 Ruggedized 128GB USB Flash Drive (2-Pack)       ,$52.99
        Micom Casual Signature Printing Pu Leather Tote Shoulder Handbag with Metal Decoration for Women (R Signature)       ,
"        Drive Medical 10257RD-1 Four Wheel Rollator with Fold Up Removable Back Support, Red       ",$90.98
"        GlowCity Glow in The Dark Basketball - Light Up, Youth Size Basketballs with 2 LED Lights and Pre-Installed Batteries - Gift Ideas for Teen Boys and Girls﻿       ",$39.99
        Joligrace Makeup Train Case Cosmetic Organizer Box Lockable with 3 Trays and a Brush Holder Pattern Collection - Star Chart       ,$35.98
"        HealthSmart Raised Toilet Seat Riser That Fits Most Standard Bowls for Enhanced Comfort and Elevation with Slip Resistant Pads, 15x15x5, New and Improved       ",$21.80
        Sunnyglade 9' Patio Umbrella Outdoor Table Umbrella with 8 Sturdy Ribs (Red)       ,$50.99
"        7 Elements 6 Drawer Wooden Artist Storage Supply Box for Pastels, Pencils, Pens, Markers, Brushes and Tools       ",$39.99
        ALPS OutdoorZ Prospector       ,$25.34
        Hanging Toiletry Bag for Men VANCASE Leather Bathroom and Shower Organizer Travel Makeup Accessories kit/Great Gift       ,$33.99
        co2CREA Hard Travel Case for Replacement for JBL Charge 4 / Replacement for JBL Charge 5 Waterproof Bluetooth Speaker (Outside Black and Inside Purple)       ,$24.99
        DashSport Tennis Backpack 3 Racket Capacity with Pockets for Racquet Protection - for Men Women and Kids       ,$32.49
        12V Kids Powered Ride On Car Universal Round Hole Charger with Charging Indicator Light-for a Variety of Electric Baby Carriage Ride Toy Battery Supply Power Adapter       ,$13.98
"        AROUY Walker Bag Under Seat for Four Wheel Rollator, Rollator Bag Tote Organizer Pouch Storage to Walkers for Senoirs, Walker Accessories (Black, M)       ",$20.99
        Western Digital AV-GP WD10EURX 1TB IntelliPower 64MB Cache SATA III 6.0Gb/s 3.5in Internal Hard Drive [Renewed]- w/1 Year Warranty       ,$21.99
"        Zmodo Outdoor Camera Wireless, 1080p Security Camera Wireless, 3 Pack Indoor Outside WiFi Cameras Wireless, IR Night Vision, Motion Detection, Remote View, Easy Setup, White, Compatible with Alexa       ",$109.99
        Elegant Magnetic Bracelet Copper Therapy Magnets Bangle for Arthritis Pain for Women Men Gifts for Father's Day (Rose Gold)       ,$11.60
"        KOPACK Laptop Backpack, 15.6 Inch Anti Theft Laptop Backpack With USB Charging Port, Water Resistant Slim Laptop Backpack for Men/Women, Durable College School Backpack for Laptop and Notebook       ",$31.99
        auovo Anti dust Mats for Journey Accessories 2021 2020 2019 2018 2011-2020 Custom Fit Center Console and Cup Holder Liners Mats(Red)       ,$10.99
"        Auovo Center Console Mats for Durango Accessories 2014 2015 2016 2017 2018 2019 2020 Auto Car Cup Holder Insert/Coasters Custom Fit Cup Liners Pads Interior Decoration ( 5pcs/Set, Red Trim)       ",$11.39
"        Auovo Auto Cup Holder Inserts Coaster Fit for 2018 -2022 Wrangler JL JLU 2020-2022 Gladiator JT Cup Mat Pad Interior Decoration Accessories (4 Pcs Kit) (Red, for deep Rear Cup Holders)…       ",$15.88
        auovo Anti-dust Door Mats for Renegade Accessories 2015 2016 2017 Cup Holder Inserts Liners Center Console Mats 16PCS (Red Trim)       ,$12.88
"        auovo 11pcs Anti-dust Mats for Challenger Accessories 2015 2016 2017 2018 2019 2020 2021 2022 Interior Custom Fit Car Cup Holder Insert Coasters, Door Handle, Center Console Liner Pad(red)       ",$10.68
,
"        auovo Anti Dust Mats for Ram 1500 Accessories Interior 2020 2019 Custom Fit Door Compartment Cup Center Console Liners (Quad Cab with Bucket seat,18pcs/Set, Red)       ",$22.99
,
        Auovo Anti Dust Mats for Toyota RAV4 Accessories 2022 2019-2021 Custom Interior Fit Door Compartment Cup Holder Insert Center Console Liners(13pcs/Set)(red)       ,$17.99
"        auovo Anti-dust Mats for Honda CRV Accessories 2017 2018 2019 Door Liners Cup Holder Inserts Center Console Interior Decoration for Honda CR-V(Pack of 21,Red)       ",$16.68
,
        auovo Anti-dust Door Mats for 2018 2019 2020 2021 2022 2023 Subaru Crosstrek and 2018-2022 Impreza Gate Door Liners Inserts Cup Console Mats Interior Accessories(Pack of 14) (Red)       ,$19.38
,
"        Air King BFQ 110 BFQ110 Exhaust Fan, 100-CFM       ",$52.33
"        Anti-dust Door Mats for 2018 2019 2020 2021 Compass Accessories Interior Gate Door mats Liner Inserts Cup Console Mat(Upgrade, Pack of 20, Red)       ",$15.36
"        SONGMICS Storage Cubes, Set of 6 Non-Woven Fabric Bins with Double Handles, Closet Organizers for Shelves, Foldable, for Clothes, Toys, Gray UROB26LG       ",$23.99
"        Auovo Leather Key Fob Case Cover Holder for Ram 1500 2022 2021 2020 2019 4 Buttons Key Fob Remote Protector Accessories(1pcs, 4 Buttons)       ",$12.99
        Tea Cup Glass Coffee Mugs Enamel Rose Flower Butterfly Drinking Cups with Spoon Set Unique Gifts for Birthday Wedding Christmas Blue Rose Tall Mug 12oz       ,$18.56
        auovo Door Mats Gate Slot Mat for Renegade Accessories 2018 2019 2020 2021 2022 Cup Holders Inserts Center Console Liners 18PCS (Red Trim)       ,$13.88
"        Elements Harlequin Embossed Metal Vase-Table Centerpiece Home Décor for Dried Flower and Artificial Floral Arrangements, Living Room Décor, Bedroom Décor, Decorative Vase, 17-Inch       ",$14.99
"        auovo Anti Dust Door Mats Custom Fit Door Cup Center Console Liners Accessories for Ford Fusion 2019 2020 2018 2017(Pack of 16) (Red, Upgrade)       ",$21.99
        LAHONI 5 Pieces Wooden Spurtles Kitchen Tools Set Wooden Kitchen Cooking Utensil Natural Teak Kitchen Set Heat Resistant Non Stick Wood Cookware Slotted Spurtle Spatula Sets Stirring Mixing Serving       ,$22.99
,
        HotelSpaWave Luxury Soap/Shampoo/Lotion Modular-Design Shower Dispenser System (Pack of 2)       ,$18.99
,
,
,
"        Brentwood HM-44 Lightweight 5-Speed Electric Hand Mixer, Black       ",$14.03
,
,
        Augason Farms Long Grain Brown Rice Emergency Food Storage 24 Pound Pail       ,$33.00
,
,
,
,
